{"cameraMode":{"drawMode":0,"name":"Shaded","section":"Shading Mode"},"sceneLighting":false,"audioPlay":false,"sceneViewState":{"showFog":true,"showMaterialUpdate":false,"showSkybox":true,"showFlares":true,"showImageEffects":true,"showParticleSystems":true},"in2DMode":false,"pivot":{"x":242.61245727539063,"y":437.73492431640627,"z":25.128555297851564},"rotation":{"x":-0.23645618557929994,"y":0.02681068517267704,"z":-0.006527136079967022,"w":-0.9712514281272888},"size":191.90113830566407,"orthographic":false}